{"cameraMode":{"drawMode":0,"name":"Shaded","section":"Shading Mode"},"sceneLighting":true,"audioPlay":false,"sceneViewState":{"showFog":true,"showMaterialUpdate":true,"showSkybox":true,"showFlares":true,"showImageEffects":true,"showParticleSystems":true},"in2DMode":false,"pivot":{"x":-1.3343168497085572,"y":-1.381568193435669,"z":-0.41735053062438967},"rotation":{"x":-0.014988903887569905,"y":0.037487056106328967,"z":-0.0005623639444820583,"w":-0.9991846084594727},"size":10.024121284484864,"orthographic":true}